age,sex,bmi,children,smoker,region,charges,log_charges
19,female,27.9,0,yes,southwest,16884.924,9.734176431773115
18,male,33.77,1,no,southeast,1725.5523,7.453302452133774
28,male,33.0,3,no,southeast,4449.462,8.400538468975023
33,male,22.705,0,no,northwest,21984.47061,9.998091601725266
32,male,28.88,0,no,northwest,3866.8552,8.260196845858372
31,female,25.74,0,no,southeast,3756.6216,8.231275321843
46,female,33.44,1,no,southeast,8240.5896,9.016827173741753
37,female,27.74,3,no,northwest,7281.5056,8.893092932994646
37,male,29.83,2,no,northeast,6406.4107,8.765054439884247
60,female,25.84,0,no,northwest,28923.13692,10.272397139270046
25,male,26.22,0,no,northeast,2721.3208,7.908872629665523
62,female,26.29,0,yes,southeast,27808.7251,10.233105102955316
23,male,34.4,0,no,southwest,1826.843,7.510344619461671
56,female,39.82,0,no,southeast,11090.7178,9.3138638032273
27,male,42.13,0,yes,southeast,39611.7577,10.586881264789202
19,male,24.6,1,no,southwest,1837.237,7.516018091591322
52,female,30.78,1,no,northeast,10797.3362,9.287054734541506
23,male,23.845,0,no,northeast,2395.17155,7.78121013567231
56,male,40.3,0,no,southwest,10602.385,9.268834254791456
30,male,35.3,0,yes,southwest,36837.467,10.514270731219284
60,female,36.005,0,no,northeast,13228.84695,9.490155099115842
30,female,32.4,1,no,southwest,4149.736,8.330799996743426
18,male,34.1,0,no,southeast,1137.011,7.036158168285971
34,female,31.92,1,yes,northeast,37701.8768,10.537465154690363
37,male,28.025,2,no,northwest,6203.90175,8.73293368761397
59,female,27.72,3,no,southeast,14001.1338,9.546893591032516
63,female,23.085,0,no,northeast,14451.83515,9.578576685476762
55,female,32.775,2,no,northwest,12268.63225,9.414801060423951
23,male,17.385,1,no,northwest,2775.19215,7.928475267026576
31,male,36.3,2,yes,southwest,38711.0,10.563879076356082
22,male,35.6,0,yes,southwest,35585.576,10.479695666197845
18,female,26.315,0,no,northeast,2198.18985,7.695389505209892
19,female,28.6,5,no,southwest,4687.797,8.452718028271507
63,male,28.31,0,no,northwest,13770.0979,9.530254701356105
28,male,36.4,1,yes,southwest,51194.55914,10.843388538584009
19,male,20.425,0,no,northwest,1625.43375,7.393529982223134
62,female,32.965,3,no,northwest,15612.19335,9.65580751292789
26,male,20.8,0,no,southwest,2302.3,7.741663902250325
35,male,36.67,1,yes,northeast,39774.2763,10.59097565819445
60,male,39.9,0,yes,southwest,48173.361,10.782561470908275
24,female,26.6,0,no,northeast,3046.062,8.021604887811318
31,female,36.63,2,no,southeast,4949.7587,8.507094106899793
41,male,21.78,1,no,southeast,6272.4772,8.743926643319663
37,female,30.8,2,no,southeast,6313.759,8.750486499241552
38,male,37.05,1,no,northeast,6079.6715,8.712705943895298
55,male,37.3,0,no,southwest,20630.28351,9.93451534857872
18,female,38.665,2,no,northeast,3393.35635,8.129574784321063
28,female,34.77,0,no,northwest,3556.9223,8.176650927459093
60,female,24.53,0,no,southeast,12629.8967,9.443822036372055
36,male,35.2,1,yes,southeast,38709.176,10.563831956855854
18,female,35.625,0,no,northeast,2211.13075,7.701259315246468
21,female,33.63,2,no,northwest,3579.8287,8.183070229087928
48,male,28.0,1,yes,southwest,23568.272,10.067656679708454
36,male,34.43,0,yes,southeast,37742.5757,10.538544065136376
40,female,28.69,3,no,northwest,8059.6791,8.994629020812297
58,male,36.955,2,yes,northwest,47496.49445,10.76841118624667
58,female,31.825,2,no,northeast,13607.36875,9.518366744845707
18,male,31.68,2,yes,southeast,34303.1672,10.442992967083542
53,female,22.88,1,yes,southeast,23244.7902,10.053836308487051
34,female,37.335,2,no,northwest,5989.52365,8.697767163740266
43,male,27.36,3,no,northeast,8606.2174,9.060240174524983
25,male,33.66,4,no,southeast,4504.6624,8.41286822827766
64,male,24.7,1,no,northwest,30166.61817,10.314491233394307
28,female,25.935,1,no,northwest,4133.64165,8.326914052885053
20,female,22.42,0,yes,northwest,14711.7438,9.596401351776898
19,female,28.9,0,no,southwest,1743.214,7.463485814805136
61,female,39.1,2,no,southwest,14235.072,9.56346405765509
40,male,26.315,1,no,northwest,6389.37785,8.762392179564197
40,female,36.19,0,no,southeast,5920.1041,8.686109312182905
28,male,23.98,3,yes,southeast,17663.1442,9.779235499080675
27,female,24.75,0,yes,southeast,16577.7795,9.715818493302972
31,male,28.5,5,no,northeast,6799.458,8.824598182105163
53,female,28.1,3,no,southwest,11741.726,9.370904101315244
58,male,32.01,1,no,southeast,11946.6259,9.388204166026542
44,male,27.4,2,no,southwest,7726.854,8.952457072970553
57,male,34.01,0,no,northwest,11356.6609,9.33755971420867
29,female,29.59,1,no,southeast,3947.4131,8.280815731954618
21,male,35.53,0,no,southeast,1532.4697,7.334635895999898
22,female,39.805,0,no,northeast,2755.02095,7.921180325913819
41,female,32.965,0,no,northwest,6571.02435,8.790425012567459
31,male,26.885,1,no,northeast,4441.21315,8.398682850087193
45,female,38.285,0,no,northeast,7935.29115,8.979075324158835
22,male,37.62,1,yes,southeast,37165.1638,10.52312714452221
48,female,41.23,4,no,northwest,11033.6617,9.30870603358349
37,female,34.8,2,yes,southwest,39836.519,10.592539333383169
45,male,22.895,2,yes,northwest,21098.55405,9.956959788679958
57,female,31.16,0,yes,northwest,43578.9394,10.682329271350698
56,female,27.2,0,no,southwest,11073.176,9.312280886089988
46,female,27.74,0,no,northwest,8026.6666,8.990524602449
55,female,26.98,0,no,northwest,11082.5772,9.313129532532235
21,female,39.49,0,no,southeast,2026.9741,7.614299368866667
53,female,24.795,1,no,northwest,10942.13205,9.300375942728616
59,male,29.83,3,yes,northeast,30184.9367,10.315098294160247
35,male,34.77,2,no,northwest,5729.0053,8.653297199525971
64,female,31.3,2,yes,southwest,47291.055,10.764076444545346
28,female,37.62,1,no,southeast,3766.8838,8.234003360388554
54,female,30.8,3,no,southwest,12105.32,9.401400304380042
55,male,38.28,0,no,southeast,10226.2842,9.23271656715675
56,male,19.95,0,yes,northeast,22412.6485,10.01738074365831
38,male,19.3,0,yes,southwest,15820.699,9.669074424922021
41,female,31.6,0,no,southwest,6186.127,8.730064483263824
30,male,25.46,0,no,northeast,3645.0894,8.201136170890955
18,female,30.115,0,no,northeast,21344.8467,9.968565617156433
61,female,29.92,3,yes,southeast,30942.1918,10.339875961954133
34,female,27.5,1,no,southwest,5003.853,8.517963494656502
20,male,28.025,1,yes,northwest,17560.37975,9.773400492809486
19,female,28.4,1,no,southwest,2331.519,7.754275265475304
26,male,30.875,2,no,northwest,3877.30425,8.262895410217363
29,male,27.94,0,no,southeast,2867.1196,7.961063181092804
63,male,35.09,0,yes,southeast,47055.5321,10.75908371727273
54,male,33.63,1,no,northwest,10825.2537,9.289636989085668
55,female,29.7,2,no,southwest,11881.358,9.382725896148083
37,male,30.8,0,no,southwest,4646.759,8.443925266324161
21,female,35.72,0,no,northwest,2404.7338,7.78519449034302
52,male,32.205,3,no,northeast,11488.31695,9.349085880566193
60,male,28.595,0,no,northeast,30259.99556,10.317581840613983
58,male,49.06,0,no,southeast,11381.3254,9.339729168385329
29,female,27.94,1,yes,southeast,19107.7796,9.857850840007492
49,female,27.17,0,no,southeast,8601.3293,9.059672040064365
37,female,23.37,2,no,northwest,6686.4313,8.807835572826509
44,male,37.1,2,no,southwest,7740.337,8.954200505687611
18,male,23.75,0,no,northeast,1705.6245,7.441686598314886
20,female,28.975,0,no,northwest,2257.47525,7.722002321775892
44,male,31.35,1,yes,northeast,39556.4945,10.585485169575772
47,female,33.915,3,no,northwest,10115.00885,9.221775624539674
26,female,28.785,0,no,northeast,3385.39915,8.127227095676806
19,female,28.3,0,yes,southwest,17081.08,9.745726697193628
52,female,37.4,0,no,southwest,9634.538,9.17310962951719
32,female,17.765,2,yes,northwest,32734.1863,10.39617526337975
38,male,34.7,2,no,southwest,6082.405,8.71315545595782
59,female,26.505,0,no,northeast,12815.44495,9.458406359225453
61,female,22.04,0,no,northeast,13616.3586,9.519027187129101
53,female,35.9,2,no,southwest,11163.568,9.320410898099556
19,male,25.555,0,no,northwest,1632.56445,7.397907339697485
20,female,28.785,0,no,northeast,2457.21115,7.806782306964648
22,female,28.05,0,no,southeast,2155.6815,7.675862193843412
19,male,34.1,0,no,southwest,1261.442,7.140010790012643
22,male,25.175,0,no,northwest,2045.68525,7.623488097922841
54,female,31.9,3,no,southeast,27322.73386,10.215474376760241
22,female,36.0,0,no,southwest,2166.732,7.680975320607154
34,male,22.42,2,no,northeast,27375.90478,10.217418517896819
26,male,32.49,1,no,northeast,3490.5491,8.157814338064135
34,male,25.3,2,yes,southeast,18972.495,9.8507455777387
29,male,29.735,2,no,northwest,18157.876,9.806859684962467
30,male,28.69,3,yes,northwest,20745.9891,9.940108210589148
29,female,38.83,3,no,southeast,5138.2567,8.544469137496163
46,male,30.495,3,yes,northwest,40720.55105,10.614488183794922
51,female,37.73,1,no,southeast,9877.6077,9.19802562579482
53,female,37.43,1,no,northwest,10959.6947,9.30197970427461
19,male,28.4,1,no,southwest,1842.519,7.518888936086307
35,male,24.13,1,no,northwest,5125.2157,8.54192789092582
48,male,29.7,0,no,southeast,7789.635,8.960549282824834
32,female,37.145,3,no,northeast,6334.34355,8.753741464655173
42,female,23.37,0,yes,northeast,19964.7463,9.901723312178918
40,female,25.46,1,no,northeast,7077.1894,8.864632130470248
44,male,39.52,0,no,northwest,6948.7008,8.846309985832468
48,male,24.42,0,yes,southeast,21223.6758,9.962872620540713
18,male,25.175,0,yes,northeast,15518.18025,9.649767534929675
30,male,35.53,0,yes,southeast,36950.2567,10.517327873578196
50,female,27.83,3,no,southeast,19749.38338,9.890877548576052
42,female,26.6,0,yes,northwest,21348.706,9.96874640792068
18,female,36.85,0,yes,southeast,36149.4835,10.495417939794661
54,male,39.6,1,no,southwest,10450.552,9.25441007896438
32,female,29.8,2,no,southwest,5152.134,8.547166276762724
37,male,29.64,0,no,northwest,5028.1466,8.522806726007444
47,male,28.215,4,no,northeast,10407.08585,9.250242184859143
20,female,37.0,5,no,southwest,4830.63,8.48273217292335
32,female,33.155,3,no,northwest,6128.79745,8.720753835134126
19,female,31.825,1,no,northwest,2719.27975,7.908122326430799
27,male,18.905,3,no,northeast,4827.90495,8.482167894782533
63,male,41.47,0,no,southeast,13405.3903,9.503412166247688
49,male,30.3,0,no,southwest,8116.68,9.00167648255175
18,male,15.96,0,no,northeast,1694.7964,7.435317894605706
35,female,34.8,1,no,southwest,5246.047,8.5652301195937
24,female,33.345,0,no,northwest,2855.43755,7.956980367790471
63,female,37.7,0,yes,southwest,48824.45,10.79598649096049
38,male,27.835,2,no,northwest,6455.86265,8.772743934940326
54,male,29.2,1,no,southwest,10436.096,9.253025845141101
46,female,28.9,2,no,southwest,8823.279,9.085148848619458
41,female,33.155,3,no,northeast,8538.28845,9.05231585100584
58,male,28.595,0,no,northwest,11735.87905,9.370406013873325
18,female,38.28,0,no,southeast,1631.8212,7.3974519706985165
22,male,19.95,3,no,northeast,4005.4225,8.295404347072033
44,female,26.41,0,no,northwest,7419.4779,8.91186396980437
44,male,30.69,2,no,southeast,7731.4271,8.95304874291158
36,male,41.895,3,yes,northeast,43753.33705,10.68632316430551
26,female,29.92,2,no,southeast,3981.9768,8.289533658389189
30,female,30.9,3,no,southwest,5325.651,8.5802902366264
41,female,32.2,1,no,southwest,6775.961,8.821136480707299
29,female,32.11,2,no,northwest,4922.9159,8.50165629653286
61,male,31.57,0,no,southeast,12557.6053,9.438081761016077
36,female,26.2,0,no,southwest,4883.866,8.49369239832677
25,male,25.74,0,no,southeast,2137.6536,7.667464057878258
56,female,26.6,1,no,northwest,12044.342,9.396350285080237
18,male,34.43,0,no,southeast,1137.4697,7.036561513107688
19,male,30.59,0,no,northwest,1639.5631,7.402185082887787
39,female,32.8,0,no,southwest,5649.715,8.639360380390347
45,female,28.6,2,no,southeast,8516.829,9.04979936744745
51,female,18.05,0,no,northwest,9644.2525,9.17411742104044
64,female,39.33,0,no,northeast,14901.5167,9.60921827869941
19,female,32.11,0,no,northwest,2130.6759,7.664194532310539
48,female,32.23,1,no,southeast,8871.1517,9.090559909039461
60,female,24.035,0,no,northwest,13012.20865,9.473643322662959
27,female,36.08,0,yes,southeast,37133.8982,10.522285529540705
46,male,22.3,0,no,southwest,7147.105,8.874462658591002
28,female,28.88,1,no,northeast,4337.7352,8.375107647568866
59,male,26.4,0,no,southeast,11743.299,9.371038059018279
35,male,27.74,2,yes,northeast,20984.0936,9.951519982078127
63,female,31.8,0,no,southwest,13880.949,9.538272603481479
40,male,41.23,1,no,northeast,6610.1097,8.796355528774585
20,male,33.0,1,no,southwest,1980.07,7.590887476599013
40,male,30.875,4,no,northwest,8162.71625,9.007332266342479
24,male,28.5,2,no,northwest,3537.703,8.171232925464038
34,female,26.73,1,no,southeast,5002.7827,8.517749576605288
45,female,30.9,2,no,southwest,8520.026,9.050174671461898
41,female,37.1,2,no,southwest,7371.772,8.905413390476387
53,female,26.6,0,no,northwest,10355.641,9.245286674376384
27,male,23.1,0,no,southeast,2483.736,7.817519157211993
26,female,29.92,1,no,southeast,3392.9768,8.129462927154016
24,female,23.21,0,no,southeast,25081.76784,10.12989648030097
34,female,33.7,1,no,southwest,5012.471,8.51968428606193
53,female,33.25,0,no,northeast,10564.8845,9.265290997666689
32,male,30.8,3,no,southwest,5253.524,8.566654368501379
19,male,34.8,0,yes,southwest,34779.615,10.456786718266788
42,male,24.64,0,yes,southeast,19515.5416,9.878966432240112
55,male,33.88,3,no,southeast,11987.1682,9.39159203997651
28,male,38.06,0,no,southeast,2689.4954,7.89710887135675
58,female,41.91,0,no,southeast,24227.33724,10.09523691260038
41,female,31.635,1,no,northeast,7358.17565,8.90356730735587
47,male,25.46,2,no,northeast,9225.2564,9.129700262560421
42,female,36.195,1,no,northwest,7443.64305,8.915115665242206
59,female,27.83,3,no,southeast,14001.2867,9.54690451151705
19,female,17.8,0,no,southwest,1727.785,7.454595520326733
59,male,27.5,1,no,southwest,12333.828,9.420101010262051
39,male,24.51,2,no,northwest,6710.1919,8.811382828662593
40,female,22.22,2,yes,southeast,19444.2658,9.875307488098656
18,female,26.73,0,no,southeast,1615.7667,7.38756485984698
31,male,38.39,2,no,southeast,4463.2051,8.403622419208565
19,male,29.07,0,yes,northwest,17352.6803,9.761502257593413
44,male,38.06,1,no,southeast,7152.6714,8.875241188286216
23,female,36.67,2,yes,northeast,38511.6283,10.558715508439093
33,female,22.135,1,no,northeast,5354.07465,8.585613166829567
55,female,26.8,1,no,southwest,35160.13457,10.467668179152426
40,male,35.3,3,no,southwest,7196.867,8.881401071414858
63,female,27.74,0,yes,northeast,29523.1656,10.292930508737422
54,male,30.02,0,no,northwest,24476.47851,10.105467874562926
60,female,38.06,0,no,southeast,12648.7034,9.44530999087867
24,male,35.86,0,no,southeast,1986.9334,7.594347724123951
19,male,20.9,1,no,southwest,1832.094,7.513214853961428
29,male,28.975,1,no,northeast,4040.55825,8.304138142102193
18,male,17.29,2,yes,northeast,12829.4551,9.459498985936145
63,female,32.2,2,yes,southwest,47305.305,10.764377724639163
54,male,34.21,2,yes,southeast,44260.7499,10.697853556525223
27,male,30.3,3,no,southwest,4260.744,8.357199071901572
50,male,31.825,0,yes,northeast,41097.16175,10.623694340922153
55,female,25.365,3,no,northeast,13047.33235,9.476338974230188
56,male,33.63,0,yes,northwest,43921.1837,10.690152027095278
38,female,40.15,0,no,southeast,5400.9805,8.594335790143862
51,male,24.415,4,no,northwest,11520.09985,9.351848601747042
19,male,31.92,0,yes,northwest,33750.2918,10.426744342189226
58,female,25.2,0,no,southwest,11837.16,9.378999014800954
20,female,26.84,1,yes,southeast,17085.2676,9.74597182728889
52,male,24.32,3,yes,northeast,24869.8368,10.12141097465288
19,male,36.955,0,yes,northwest,36219.40545,10.497350316338569
53,female,38.06,3,no,southeast,20462.99766,9.926373541970088
46,male,42.35,3,yes,southeast,46151.1245,10.739676605831331
40,male,19.8,1,yes,southeast,17179.522,9.75147337210112
59,female,32.395,3,no,northeast,14590.63205,9.588134961346164
45,male,30.2,1,no,southwest,7441.053,8.914767650070457
49,male,25.84,1,no,northeast,9282.4806,9.135884096094836
18,male,29.37,1,no,southeast,1719.4363,7.449751783533308
50,male,34.2,2,yes,southwest,42856.838,10.665620491224391
41,male,37.05,2,no,northwest,7265.7025,8.890920267819599
50,male,27.455,1,no,northeast,9617.66245,9.17135652556776
25,male,27.55,0,no,northwest,2523.1695,7.833271128310732
47,female,26.6,2,no,northeast,9715.841,9.181512925228999
19,male,20.615,2,no,northwest,2803.69785,7.938694485572268
22,female,24.3,0,no,southwest,2150.469,7.673441236867624
59,male,31.79,2,no,southeast,12928.7911,9.467211971648577
51,female,21.56,1,no,southeast,9855.1314,9.195747552831266
40,female,28.12,1,yes,northeast,22331.5668,10.01375650806908
54,male,40.565,3,yes,northeast,48549.17835,10.790332549786354
30,male,27.645,1,no,northeast,4237.12655,8.351640618011537
55,female,32.395,1,no,northeast,11879.10405,9.38253617340599
52,female,31.2,0,no,southwest,9625.92,9.172214739003671
46,male,26.62,1,no,southeast,7742.1098,8.954429513418837
46,female,48.07,2,no,northeast,9432.9253,9.15196153961076
63,female,26.22,0,no,northwest,14256.1928,9.564946673749331
59,female,36.765,1,yes,northeast,47896.79135,10.776803794725254
52,male,26.4,3,no,southeast,25992.82104,10.16557566503102
28,female,33.4,0,no,southwest,3172.018,8.062123257391853
29,male,29.64,1,no,northeast,20277.80751,9.917282340913964
25,male,45.54,2,yes,southeast,42112.2356,10.648093609274202
22,female,28.82,0,no,southeast,2156.7518,7.67635857254542
25,male,26.8,3,no,southwest,3906.127,8.270301624988955
18,male,22.99,0,no,northeast,1704.5681,7.44106704384527
19,male,27.7,0,yes,southwest,16297.846,9.698788230823373
47,male,25.41,1,yes,southeast,21978.6769,9.99782803051339
31,male,34.39,3,yes,northwest,38746.3551,10.564791968421908
48,female,28.88,1,no,northwest,9249.4952,9.132324256044338
36,male,27.55,3,no,northeast,6746.7425,8.8168150747887
53,female,22.61,3,yes,northeast,24873.3849,10.121553631275622
56,female,37.51,2,no,southeast,12265.5069,9.414546284823487
28,female,33.0,2,no,southeast,4349.462,8.377807438273036
57,female,38.0,2,no,southwest,12646.207,9.445112607296863
29,male,33.345,2,no,northwest,19442.3535,9.87520913550149
28,female,27.5,2,no,southwest,20177.67113,9.912331882391653
30,female,33.33,1,no,southeast,4151.0287,8.331111462025765
58,male,34.865,0,no,northeast,11944.59435,9.38803409936744
41,female,33.06,2,no,northwest,7749.1564,8.955339264809723
50,male,26.6,0,no,southwest,8444.474,9.041267541926123
19,female,24.7,0,no,southwest,1737.376,7.460131207985733
43,male,35.97,3,yes,southeast,42124.5153,10.648385161357012
49,male,35.86,0,no,southeast,8124.4084,9.002628192239301
27,female,31.4,0,yes,southwest,34838.873,10.458489082567231
52,male,33.25,0,no,northeast,9722.7695,9.182225784853754
50,male,32.205,0,no,northwest,8835.26495,9.086506372985527
54,male,32.775,0,no,northeast,10435.06525,9.25292707248648
44,female,27.645,0,no,northwest,7421.19455,8.912095313769873
32,male,37.335,1,no,northeast,4667.60765,8.448401938888532
34,male,25.27,1,no,northwest,4894.7533,8.495919155328892
26,female,29.64,4,no,northeast,24671.66334,10.11341063084194
34,male,30.8,0,yes,southwest,35491.64,10.47705245477294
57,male,40.945,0,no,northeast,11566.30055,9.35585102402813
29,male,27.2,0,no,southwest,2866.091,7.960704359454179
40,male,34.105,1,no,northeast,6600.20595,8.79485613207312
27,female,23.21,1,no,southeast,3561.8889,8.178046273020675
45,male,36.48,2,yes,northwest,42760.5022,10.663370109691156
64,female,33.8,1,yes,southwest,47928.03,10.777455789702474
52,male,36.7,0,no,southwest,9144.565,9.120914992717132
61,female,36.385,1,yes,northeast,48517.56315,10.789681138177611
52,male,27.36,0,yes,northwest,24393.6224,10.102077000067178
61,female,31.16,0,no,northwest,13429.0354,9.505174462663783
56,female,28.785,0,no,northeast,11658.37915,9.363780440807814
43,female,35.72,2,no,northeast,19144.57652,9.859774744053276
64,male,34.5,0,no,southwest,13822.803,9.534074898753166
60,male,25.74,0,no,southeast,12142.5786,9.404473447330512
62,male,27.55,1,no,northwest,13937.6665,9.54235027431946
50,male,32.3,1,yes,northeast,41919.097,10.643496777732379
46,female,27.72,1,no,southeast,8232.6388,9.015861874114465
24,female,27.6,0,no,southwest,18955.22017,9.849834643287883
62,male,30.02,0,no,northwest,13352.0998,9.499428939849388
60,female,27.55,0,no,northeast,13217.0945,9.489266308614972
63,male,36.765,0,no,northeast,13981.85035,9.545515363967878
49,female,41.47,4,no,southeast,10977.2063,9.303576247352384
34,female,29.26,3,no,southeast,6184.2994,8.729769004360477
33,male,35.75,2,no,southeast,4889.9995,8.494947480219423
46,male,33.345,1,no,northeast,8334.45755,9.028153712083231
36,female,29.92,1,no,southeast,5478.0368,8.608502067580671
19,male,27.835,0,no,northwest,1635.73365,7.3998466982849465
57,female,23.18,0,no,northwest,11830.6072,9.378445282789643
50,female,25.6,0,no,southwest,8932.084,9.097405017304542
30,female,27.7,0,no,southwest,3554.203,8.175886125822831
33,male,35.245,0,no,northeast,12404.8791,9.425845150008275
18,female,38.28,0,no,southeast,14133.03775,9.556270438418146
46,male,27.6,0,no,southwest,24603.04837,10.110625631722993
46,male,43.89,3,no,southeast,8944.1151,9.09875106427451
47,male,29.83,3,no,northwest,9620.3307,9.171633919368277
23,male,41.91,0,no,southeast,1837.2819,7.516042530164765
18,female,20.79,0,no,southeast,1607.5101,7.382441739140248
48,female,32.3,2,no,northeast,10043.249,9.214655946474418
35,male,30.5,1,no,southwest,4751.07,8.466125134818647
19,female,21.7,0,yes,southwest,13844.506,9.535643754217315
21,female,26.4,1,no,southwest,2597.779,7.862412128177326
21,female,21.89,2,no,southeast,3180.5101,8.064796871715137
49,female,30.78,1,no,northeast,9778.3472,9.18792575079209
56,female,32.3,3,no,northeast,13430.265,9.50526602126602
42,female,24.985,2,no,northwest,8017.06115,8.989327193555336
44,male,32.015,2,no,northwest,8116.26885,9.001625826321154
18,male,30.4,3,no,northeast,3481.868,8.155324210362002
61,female,21.09,0,no,northwest,13415.0381,9.504131602960053
57,female,22.23,0,no,northeast,12029.2867,9.395099513777716
42,female,33.155,1,no,northeast,7639.41745,8.941076629253388
26,male,32.9,2,yes,southwest,36085.219,10.493638614491699
20,male,33.33,0,no,southeast,1391.5287,7.238158205977826
23,female,28.31,0,yes,northwest,18033.9679,9.800012364087102
39,female,24.89,3,yes,northeast,21659.9301,9.98321929340296
24,male,40.15,0,yes,southeast,38126.2465,10.548658208457207
64,female,30.115,3,no,northwest,16455.70785,9.708427677772185
62,male,31.46,1,no,southeast,27000.98473,10.203628615802879
27,female,17.955,2,yes,northeast,15006.57945,9.61624401391433
55,male,30.685,0,yes,northeast,42303.69215,10.652629646095242
55,male,33.0,0,no,southeast,20781.48892,9.94181791367443
35,female,43.34,2,no,southeast,5846.9176,8.673669895379257
44,male,22.135,2,no,northeast,8302.53565,9.024316247129066
19,male,34.4,0,no,southwest,1261.859,7.140341309442387
58,female,39.05,0,no,southeast,11856.4115,9.380624055098195
50,male,25.365,2,no,northwest,30284.64294,10.318396029350499
26,female,22.61,0,no,northwest,3176.8159,8.06363468484103
24,female,30.21,3,no,northwest,4618.0799,8.437734291627043
48,male,35.625,4,no,northeast,10736.87075,9.281438961548512
19,female,37.43,0,no,northwest,2138.0707,7.667659159326367
48,male,31.445,1,no,northeast,8964.06055,9.10097858969497
49,male,31.35,1,no,northeast,9290.1395,9.136708847841536
46,female,32.3,2,no,northeast,9411.005,9.149635028151815
46,male,19.855,0,no,northwest,7526.70645,8.926212834672594
43,female,34.4,3,no,southwest,8522.003,9.050406686089836
21,male,31.02,0,no,southeast,16586.49771,9.716344252398859
64,male,25.6,2,no,southwest,14988.432,9.615033982556648
18,female,38.17,0,no,southeast,1631.6683,7.3973582673174505
51,female,20.6,0,no,southwest,9264.797,9.13397722806388
47,male,47.52,1,no,southeast,8083.9198,8.997632157643029
64,female,32.965,0,no,northwest,14692.66935,9.5951039647093
49,male,32.3,3,no,northwest,10269.46,9.23692972120915
31,male,20.4,0,no,southwest,3260.199,8.089543515442493
52,female,38.38,2,no,northeast,11396.9002,9.341096685127038
33,female,24.31,0,no,southeast,4185.0979,8.339285375720452
47,female,23.6,1,no,southwest,8539.671,9.05247776145036
38,male,21.12,3,no,southeast,6652.5288,8.802752332042022
32,male,30.03,1,no,southeast,4074.4537,8.312491955338244
19,male,17.48,0,no,northwest,1621.3402,7.391008370166293
44,female,20.235,1,yes,northeast,19594.80965,9.88301999637374
26,female,17.195,2,yes,northeast,14455.64405,9.578840208975
25,male,23.9,5,no,southwest,5080.096,8.533085438031765
19,female,35.15,0,no,northwest,2134.9015,7.6661757887670525
43,female,35.64,1,no,southeast,7345.7266,8.901874008153671
52,male,34.1,0,no,southeast,9140.951,9.120519707175607
36,female,22.6,2,yes,southwest,18608.262,9.83136095462493
64,male,39.16,1,no,southeast,14418.2804,9.576252152687747
63,female,26.98,0,yes,northwest,28950.4692,10.273341690123692
64,male,33.88,0,yes,southeast,46889.2612,10.755543955934765
61,male,35.86,0,yes,southeast,46599.1084,10.749336686883488
40,male,32.775,1,yes,northeast,39125.33225,10.574525419819176
25,male,30.59,0,no,northeast,2727.3951,7.9111022568392935
48,male,30.2,2,no,southwest,8968.33,9.101454761577214
45,male,24.31,5,no,southeast,9788.8659,9.189000886117643
38,female,27.265,1,no,northeast,6555.07035,8.787994128405655
18,female,29.165,0,no,northeast,7323.734819,8.898875698011654
21,female,16.815,1,no,northeast,3167.45585,8.0606839736609
27,female,30.4,3,no,northwest,18804.7524,9.841864904106775
19,male,33.1,0,no,southwest,23082.95533,10.046849759651726
29,female,20.235,2,no,northwest,4906.40965,8.498297721128688
42,male,26.9,0,no,southwest,5969.723,8.69445580665023
60,female,30.5,0,no,southwest,12638.195,9.444478856870957
31,male,28.595,1,no,northwest,4243.59005,8.353164899875043
60,male,33.11,3,no,southeast,13919.8229,9.541069211106327
22,male,31.73,0,no,northeast,2254.7967,7.72081509266191
35,male,28.9,3,no,southwest,5926.846,8.68724747865966
52,female,46.75,5,no,southeast,12592.5345,9.44085941734208
26,male,29.45,0,no,northeast,2897.3235,7.971542658777002
31,female,32.68,1,no,northwest,4738.2682,8.4634269892796
33,female,33.5,0,yes,southwest,37079.372,10.52081608318254
18,male,43.01,0,no,southeast,1149.3959,7.0469917789888035
59,female,36.52,1,no,southeast,28287.89766,10.250189347642364
56,male,26.695,1,yes,northwest,26109.32905,10.170047964312062
45,female,33.1,0,no,southwest,7345.084,8.901786524893842
60,male,29.64,0,no,northeast,12730.9996,9.451795211642274
56,female,25.65,0,no,northwest,11454.0215,9.346096170025552
40,female,29.6,0,no,southwest,5910.944,8.6845608269172
35,male,38.6,1,no,southwest,4762.329,8.468492113278527
39,male,29.6,4,no,southwest,7512.267,8.924292563387446
30,male,24.13,1,no,northwest,4032.2407,8.30207750539002
24,male,23.4,0,no,southwest,1969.614,7.585592863447169
20,male,29.735,0,no,northwest,1769.53165,7.478470186034148
32,male,46.53,2,no,southeast,4686.3887,8.45241756483806
59,male,37.4,0,no,southwest,21797.0004,9.989527642979661
55,female,30.14,2,no,southeast,11881.9696,9.382777370420577
57,female,30.495,0,no,northwest,11840.77505,9.37930436659962
56,male,39.6,0,no,southwest,10601.412,9.268742478775991
40,female,33.0,3,no,southeast,7682.67,8.946722421973286
49,female,36.63,3,no,southeast,10381.4787,9.247778603221294
42,male,30.0,0,yes,southwest,22144.032,10.005323303503058
62,female,38.095,2,no,northeast,15230.32405,9.631043722747554
56,male,25.935,0,no,northeast,11165.41765,9.320576570650314
19,male,25.175,0,no,northwest,1632.03625,7.3975837472871735
30,female,28.38,1,yes,southeast,19521.9682,9.879295684802122
60,female,28.7,1,no,southwest,13224.693,9.489841042846473
56,female,33.82,2,no,northwest,12643.3778,9.44488886301366
28,female,24.32,1,no,northeast,23288.9284,10.05573335065625
18,female,24.09,1,no,southeast,2201.0971,7.6967111968641335
27,male,32.67,0,no,southeast,2497.0383,7.822860628568228
18,female,30.115,0,no,northeast,2203.47185,7.697789509069965
19,female,29.8,0,no,southwest,1744.465,7.464203197370246
47,female,33.345,0,no,northeast,20878.78443,9.94648882334788
54,male,25.1,3,yes,southwest,25382.297,10.14180724150723
61,male,28.31,1,yes,northwest,28868.6639,10.27051199171073
24,male,28.5,0,yes,northeast,35147.52848,10.467309581253186
25,male,35.625,0,no,northwest,2534.39375,7.837709735550147
21,male,36.85,0,no,southeast,1534.3045,7.335832462880444
23,male,32.56,0,no,southeast,1824.2854,7.508943627692479
63,male,41.325,3,no,northwest,15555.18875,9.652149543620059
49,male,37.51,2,no,southeast,9304.7019,9.138275132023676
18,female,31.35,0,no,southeast,1622.1885,7.391531442472909
51,female,39.5,1,no,southwest,9880.068,9.19827467330932
48,male,34.3,3,no,southwest,9563.029,9.16565979686612
31,female,31.065,0,no,northeast,4347.02335,8.377246602494955
54,female,21.47,3,no,northwest,12475.3513,9.431510080543866
19,male,28.7,0,no,southwest,1253.936,7.134042683207834
44,female,38.06,0,yes,southeast,48885.13561,10.797228653997497
53,male,31.16,1,no,northwest,10461.9794,9.255502954897839
19,female,32.9,0,no,southwest,1748.774,7.466670249974151
61,female,25.08,0,no,southeast,24513.09126,10.106962590968418
18,female,25.08,0,no,northeast,2196.4732,7.69460826211217
61,male,43.4,0,no,southwest,12574.049,9.439390365865586
21,male,25.7,4,yes,southwest,17942.106,9.794905520027315
20,male,27.93,0,no,northeast,1967.0227,7.584276358739348
31,female,23.6,2,no,southwest,4931.647,8.503428288324521
45,male,28.7,2,no,southwest,8027.968,8.990686723859456
44,female,23.98,2,no,southeast,8211.1002,9.013242200776457
62,female,39.2,0,no,southwest,13470.86,9.508284112949143
29,male,34.4,0,yes,southwest,36197.699,10.496750832257703
43,male,26.03,0,no,northeast,6837.3687,8.830158243620813
51,male,23.21,1,yes,southeast,22218.1149,10.008663221610878
19,male,30.25,0,yes,southeast,32548.3405,10.390481663234114
38,female,28.93,1,no,southeast,5974.3847,8.695236392417504
37,male,30.875,3,no,northwest,6796.86325,8.824216497974023
22,male,31.35,1,no,northwest,2643.2685,7.879771498547758
21,male,23.75,2,no,northwest,3077.0955,8.031741411564495
24,female,25.27,0,no,northeast,3044.2133,8.020997788799955
57,female,28.7,0,no,southwest,11455.28,9.346206038063324
56,male,32.11,1,no,northeast,11763.0009,9.372714367471533
27,male,33.66,0,no,southeast,2498.4144,7.82341156964102
51,male,22.42,0,no,northeast,9361.3268,9.144342311562506
19,male,30.4,0,no,southwest,1256.299,7.135925376021836
39,male,28.3,1,yes,southwest,21082.16,9.956182464199104
58,male,35.7,0,no,southwest,11362.755,9.338096180478136
20,male,35.31,1,no,southeast,27724.28875,10.230064158147394
45,male,30.495,2,no,northwest,8413.46305,9.037588445855505
35,female,31.0,1,no,southwest,5240.765,8.564222759025652
31,male,30.875,0,no,northeast,3857.75925,8.25784178871916
50,female,27.36,0,no,northeast,25656.57526,10.152555163167145
32,female,44.22,0,no,southeast,3994.1778,8.29259302976008
51,female,33.915,0,no,northeast,9866.30485,9.19688068036355
38,female,37.73,0,no,southeast,5397.6167,8.593712783276118
42,male,26.07,1,yes,southeast,38245.59327,10.551783623990207
18,female,33.88,0,no,southeast,11482.63485,9.348591160089185
19,female,30.59,2,no,northwest,24059.68019,10.088292697254127
51,female,25.8,1,no,southwest,9861.025,9.19634539756895
46,male,39.425,1,no,northeast,8342.90875,9.029167205529545
18,male,25.46,0,no,northeast,1708.0014,7.44307919402031
57,male,42.13,1,yes,southeast,48675.5177,10.792931466033865
62,female,31.73,0,no,northeast,14043.4767,9.549913275130127
59,male,29.7,2,no,southeast,12925.886,9.46698724635025
37,male,36.19,0,no,southeast,19214.70553,9.86343117787501
64,male,40.48,0,no,southeast,13831.1152,9.534676057705775
38,male,28.025,1,no,northeast,6067.12675,8.710640419433316
33,female,38.9,3,no,southwest,5972.378,8.694900452034446
46,female,30.2,2,no,southwest,8825.086,9.085353626796508
46,female,28.05,1,no,southeast,8233.0975,9.015917589813023
53,male,31.35,0,no,southeast,27346.04207,10.216327083301252
34,female,38.0,3,no,southwest,6196.448,8.731731503635617
20,female,31.79,2,no,southeast,3056.3881,8.024989138296391
63,female,36.3,0,no,southeast,13887.204,9.538723119589323
54,female,47.41,0,yes,southeast,63770.42801,11.063044851063491
54,male,30.21,0,no,northwest,10231.4999,9.233226465989146
49,male,25.84,2,yes,northwest,23807.2406,10.077745040282705
28,male,35.435,0,no,northeast,3268.84665,8.092192495253741
54,female,46.7,2,no,southwest,11538.421,9.35343770227735
25,female,28.595,0,no,northeast,3213.62205,8.075153944485312
43,female,46.2,0,yes,southeast,45863.205,10.733418440581366
63,male,30.8,0,no,southwest,13390.559,9.502305185386628
32,female,28.93,0,no,southeast,3972.9247,8.287257802702698
62,male,21.4,0,no,southwest,12957.118,9.469400568633725
52,female,31.73,2,no,northwest,11187.6567,9.322566369188928
25,female,41.325,0,no,northeast,17878.90068,9.791376563615858
28,male,23.8,2,no,southwest,3847.674,8.255224088861992
46,male,33.44,1,no,northeast,8334.5896,9.028169555820288
34,male,34.21,0,no,southeast,3935.1799,8.27771187772261
35,female,34.105,3,yes,northwest,39983.42595,10.596220295978874
19,male,35.53,0,no,northwest,1646.4297,7.406364404275679
46,female,19.95,2,no,northwest,9193.8385,9.126288810408107
54,female,32.68,0,no,northeast,10923.9332,9.298711367598699
27,male,30.5,0,no,southwest,2494.022,7.821651947371885
50,male,44.77,1,no,southeast,9058.7303,9.11148424572815
18,female,32.12,2,no,southeast,2801.2588,7.93782416656491
19,female,30.495,0,no,northwest,2128.43105,7.663140391039033
38,female,40.565,1,no,northwest,6373.55735,8.759913046378147
41,male,30.59,2,no,northwest,7256.7231,8.889683642287249
49,female,31.9,5,no,southwest,11552.904,9.354692112918501
48,male,40.565,2,yes,northwest,45702.02235,10.729897828638402
31,female,29.1,0,no,southwest,3761.292,8.232517794382408
18,female,37.29,1,no,southeast,2219.4451,7.705012488667424
30,female,43.12,2,no,southeast,4753.6368,8.466665246179556
62,female,36.86,1,no,northeast,31620.00106,10.361545144286548
57,female,34.295,2,no,northeast,13224.05705,9.489792953617386
58,female,27.17,0,no,northwest,12222.8983,9.411066381363035
22,male,26.84,0,no,southeast,1664.9996,7.417580162174275
31,female,38.095,1,yes,northeast,58571.07448,10.977996244143489
52,male,30.2,1,no,southwest,9724.53,9.182406838269918
25,female,23.465,0,no,northeast,3206.49135,8.072932580939872
59,male,25.46,1,no,northeast,12913.9924,9.466066684677644
39,male,45.43,2,no,southeast,6356.2707,8.757197116428735
32,female,23.65,1,no,southeast,17626.23951,9.777143952016166
19,male,20.7,0,no,southwest,1242.816,7.125135051591155
33,female,28.27,1,no,southeast,4779.6023,8.4721126211873
21,male,20.235,3,no,northeast,3861.20965,8.258735794194376
34,female,30.21,1,yes,northwest,43943.8761,10.69066855552094
61,female,35.91,0,no,northeast,13635.6379,9.520442078197085
38,female,30.69,1,no,southeast,5976.8311,8.695645790101407
58,female,29.0,0,no,southwest,11842.442,9.37944513717139
47,male,19.57,1,no,northwest,8428.0693,9.039322997481637
20,male,31.13,2,no,southeast,2566.4707,7.850286965609456
21,female,21.85,1,yes,northeast,15359.1045,9.639463704220857
41,male,40.26,0,no,southeast,5709.1644,8.649827952186532
46,female,33.725,1,no,northeast,8823.98575,9.085228946018162
42,female,29.48,2,no,southeast,7640.3092,8.941193352545817
34,female,33.25,1,no,northeast,5594.8455,8.629601006423735
43,male,32.6,2,no,southwest,7441.501,8.914827854790714
52,female,37.525,2,no,northwest,33471.97189,10.418463707617837
18,female,39.16,0,no,southeast,1633.0444,7.398201281823135
51,male,31.635,0,no,northwest,9174.13565,9.124143461400536
56,female,25.3,0,no,southwest,11070.535,9.312042353351504
64,female,39.05,3,no,southeast,16085.1275,9.685650366281438
19,female,28.31,0,yes,northwest,17468.9839,9.768182238872198
51,female,34.1,0,no,southeast,9283.562,9.13600058834087
27,female,25.175,0,no,northeast,3558.62025,8.177128178496606
59,female,23.655,0,yes,northwest,25678.77845,10.15342018852608
28,male,26.98,2,no,northeast,4435.0942,8.3973041346534
30,male,37.8,2,yes,southwest,39241.442,10.577488661220206
47,female,29.37,1,no,southeast,8547.6913,9.053416502076113
38,female,34.8,2,no,southwest,6571.544,8.790504091479043
18,female,33.155,0,no,northeast,2207.69745,7.6997053735517555
34,female,19.0,3,no,northeast,6753.038,8.817747756687693
20,female,33.0,0,no,southeast,1880.07,7.539064289173378
47,female,36.63,1,yes,southeast,42969.8527,10.66825404879016
56,female,28.595,0,no,northeast,11658.11505,9.36375778731645
49,male,25.6,2,yes,southwest,23306.547,10.056489587208766
19,female,33.11,0,yes,southeast,34439.8559,10.446969774444645
55,female,37.1,0,no,southwest,10713.644,9.279273348336124
30,male,31.4,1,no,southwest,3659.346,8.205039721904125
37,male,34.1,4,yes,southwest,40182.246,10.601180535263609
49,female,21.3,1,no,southwest,9182.17,9.125018839122639
18,male,33.535,0,yes,northeast,34617.84065,10.452124453879096
59,male,28.785,0,no,northwest,12129.61415,9.403405191869094
29,female,26.03,0,no,northwest,3736.4647,8.225895175981947
36,male,28.88,3,no,northeast,6748.5912,8.81708905097227
33,male,42.46,1,no,southeast,11326.71487,9.334919362287428
58,male,38.0,0,no,southwest,11365.952,9.338377498726558
44,female,38.95,0,yes,northwest,42983.4585,10.66857063461853
53,male,36.1,1,no,southwest,10085.846,9.218888333830831
24,male,29.3,0,no,southwest,1977.815,7.5897479789915785
29,female,35.53,0,no,southeast,3366.6697,8.121679315150935
40,male,22.705,2,no,northeast,7173.35995,8.878129436102586
51,male,39.7,1,no,southwest,9391.346,9.147543905912501
64,male,38.19,0,no,northeast,14410.9321,9.575742371148683
19,female,24.51,1,no,northwest,2709.1119,7.9043761479872545
35,female,38.095,2,no,northeast,24915.04626,10.123227167426604
39,male,26.41,0,yes,northeast,20149.3229,9.910925963832568
56,male,33.66,4,no,southeast,12949.1554,9.468785844923541
33,male,42.4,5,no,southwest,6666.243,8.804811711848632
42,male,28.31,3,yes,northwest,32787.45859,10.397801361193013
61,male,33.915,0,no,northeast,13143.86485,9.483710377406176
23,female,34.96,3,no,northwest,4466.6214,8.404387562891182
43,male,35.31,2,no,southeast,18806.14547,9.84193898210435
48,male,30.78,3,no,northeast,10141.1362,9.22435532214995
39,male,26.22,1,no,northwest,6123.5688,8.719900342802815
40,female,23.37,3,no,northeast,8252.2843,9.018245325851677
18,male,28.5,0,no,northeast,1712.227,7.445550141369896
58,female,32.965,0,no,northeast,12430.95335,9.427944879069686
49,female,42.68,2,no,southeast,9800.8882,9.190228293204834
53,female,39.6,1,no,southeast,10579.711,9.266693389349228
48,female,31.13,0,no,southeast,8280.6227,9.021673449865537
45,female,36.3,2,no,southeast,8527.532,9.05105526685099
59,female,35.2,0,no,southeast,12244.531,9.412834667305264
52,female,25.3,2,yes,southeast,24667.419,10.113238583053082
26,female,42.4,1,no,southwest,3410.324,8.134562580426712
27,male,33.155,2,no,northwest,4058.71245,8.308621071757383
48,female,35.91,1,no,northeast,26392.26029,10.180826075318103
57,female,28.785,4,no,northeast,14394.39815,9.574594392516097
37,male,46.53,3,no,southeast,6435.6237,8.769604038410412
57,female,23.98,1,no,southeast,22192.43711,10.007506839098198
32,female,31.54,1,no,northeast,5148.5526,8.54647090561255
18,male,33.66,0,no,southeast,1136.3994,7.035620121996789
64,female,22.99,0,yes,southeast,27037.9141,10.20499538590917
43,male,38.06,2,yes,southeast,42560.4304,10.658680236746347
49,male,28.7,1,no,southwest,8703.456,9.071475467142518
40,female,32.775,2,yes,northwest,40003.33225,10.5967180358763
62,male,32.015,0,yes,northeast,45710.20785,10.730076918460497
40,female,29.81,1,no,southeast,6500.2359,8.779593747532871
30,male,31.57,3,no,southeast,4837.5823,8.484170350113216
29,female,31.16,0,no,northeast,3943.5954,8.279848124253304
36,male,29.7,0,no,southeast,4399.731,8.389298681673813
41,female,31.02,0,no,southeast,6185.3208,8.7299341509027
44,female,43.89,2,yes,southeast,46200.9851,10.740756399353332
45,male,21.375,0,no,northwest,7222.78625,8.884996064646055
55,female,40.81,3,no,southeast,12485.8009,9.43234734963519
60,male,31.35,3,yes,northwest,46130.5265,10.739230189883656
56,male,36.1,3,no,southwest,12363.547,9.422507663952521
49,female,23.18,2,no,northwest,10156.7832,9.225897056826396
21,female,17.4,1,no,southwest,2585.269,7.857584843424017
19,male,20.3,0,no,southwest,1242.26,7.124687580359468
39,male,35.3,2,yes,southwest,40103.89,10.599228616071036
53,male,24.32,0,no,northwest,9863.4718,9.196593495154136
33,female,18.5,1,no,southwest,4766.022,8.469267273678248
53,male,26.41,2,no,northeast,11244.3769,9.327623451564245
42,male,26.125,2,no,northeast,7729.64575,8.952818312588256
40,male,41.69,0,no,southeast,5438.7491,8.601304368555676
47,female,24.1,1,no,southwest,26236.57997,10.174909898054338
27,male,31.13,1,yes,southeast,34806.4677,10.457558501942229
21,male,27.36,0,no,northeast,2104.1134,7.651649469743594
47,male,36.2,1,no,southwest,8068.185,8.995683828905412
20,male,32.395,1,no,northwest,2362.22905,7.767360964960058
24,male,23.655,0,no,northwest,2352.96845,7.763432980222679
27,female,34.8,1,no,southwest,3577.999,8.18255898458288
26,female,40.185,0,no,northwest,3201.24515,8.071295122479397
53,female,32.3,2,no,northeast,29186.48236,10.281460948193155
41,male,35.75,1,yes,southeast,40273.6455,10.603452576194714
56,male,33.725,0,no,northwest,10976.24575,9.303488739474496
23,female,39.27,2,no,southeast,3500.6123,8.16069317503393
21,female,34.87,0,no,southeast,2020.5523,7.611126168865535
50,female,44.745,0,no,northeast,9541.69555,9.163426479258085
53,male,41.47,0,no,southeast,9504.3103,9.15950069048022
34,female,26.41,1,no,northwest,5385.3379,8.591435335997009
47,female,29.545,1,no,northwest,8930.93455,9.09727632125036
33,female,32.9,2,no,southwest,5375.038,8.589520922738314
51,female,38.06,0,yes,southeast,44400.4064,10.70100390153158
49,male,28.69,3,no,northwest,10264.4421,9.236440978243934
31,female,30.495,3,no,northeast,6113.23105,8.71821072581372
36,female,27.74,0,no,northeast,5469.0066,8.60685227014802
18,male,35.2,1,no,southeast,1727.54,7.454453710221802
50,female,23.54,2,no,southeast,10107.2206,9.22100535829338
43,female,30.685,2,no,northwest,8310.83915,9.02531586349737
20,male,40.47,0,no,northeast,1984.4533,7.593098739570316
24,female,22.6,0,no,southwest,2457.502,7.806900665856189
60,male,28.9,0,no,southwest,12146.971,9.404835117276658
49,female,22.61,1,no,northwest,9566.9909,9.166074004491346
60,male,24.32,1,no,northwest,13112.6048,9.481329245046304
51,female,36.67,2,no,northwest,10848.1343,9.291748390265784
58,female,33.44,0,no,northwest,12231.6136,9.41177915783591
51,female,40.66,0,no,northeast,9875.6804,9.197830488661562
53,male,36.6,3,no,southwest,11264.541,9.329415106363781
62,male,37.4,0,no,southwest,12979.358,9.471115528326077
19,male,35.4,0,no,southwest,1263.249,7.14144225256276
50,female,27.075,1,no,northeast,10106.13425,9.220897869951232
30,female,39.05,3,yes,southeast,40932.4295,10.619677925164396
41,male,28.405,1,no,northwest,6664.68595,8.80457811222284
29,female,21.755,1,yes,northeast,16657.71745,9.720628898531286
18,female,40.28,0,no,northeast,2217.6012,7.704181350120979
41,female,36.08,1,no,southeast,6781.3542,8.821932095503433
35,male,24.42,3,yes,southeast,19361.9988,9.871067599302947
53,male,21.4,1,no,southwest,10065.413,9.216860370515706
24,female,30.1,3,no,southwest,4234.927,8.351121369629444
48,female,27.265,1,no,northeast,9447.25035,9.153479009894344
59,female,32.1,3,no,southwest,14007.222,9.547328332731697
49,female,34.77,1,no,northwest,9583.8933,9.167839187154692
37,female,38.39,0,yes,southeast,40419.0191,10.607055722973884
26,male,23.7,2,no,southwest,3484.331,8.156031339200162
23,male,31.73,3,yes,northeast,36189.1017,10.496513294475752
29,male,35.5,2,yes,southwest,44585.45587,10.705162983255969
45,male,24.035,2,no,northeast,8604.48365,9.060038701034644
27,male,29.15,0,yes,southeast,18246.4955,9.811728313173756
53,male,34.105,0,yes,northeast,43254.41795,10.674854656276105
31,female,26.62,0,no,southeast,3757.8448,8.231600880557536
50,male,26.41,0,no,northwest,8827.2099,9.085594264050979
50,female,30.115,1,no,northwest,9910.35985,9.201335938471033
34,male,27.0,2,no,southwest,11737.84884,9.37057384320268
19,male,21.755,0,no,northwest,1627.28245,7.394666693872962
47,female,36.0,1,no,southwest,8556.907,9.054494072064031
28,male,30.875,0,no,northwest,3062.50825,8.026989548726904
37,female,26.4,0,yes,southeast,19539.243,9.880180183802308
21,male,28.975,0,no,northwest,1906.35825,7.552950025628654
64,male,37.905,0,no,northwest,14210.53595,9.561738936776804
58,female,22.77,0,no,southeast,11833.7823,9.378713626920732
24,male,33.63,4,no,northeast,17128.42608,9.748494706186174
31,male,27.645,2,no,northeast,5031.26955,8.52342762687361
39,female,22.8,3,no,northeast,7985.815,8.985422121815146
47,female,27.83,0,yes,southeast,23065.4207,10.046089835582787
30,male,37.43,3,no,northeast,5428.7277,8.599460076080982
18,male,38.17,0,yes,southeast,36307.7983,10.499787826381556
22,female,34.58,2,no,northeast,3925.7582,8.275314783535729
23,male,35.2,1,no,southwest,2416.955,7.790263762408525
33,male,27.1,1,yes,southwest,19040.876,9.854343315690363
27,male,26.03,0,no,northeast,3070.8087,8.029696226087674
45,female,25.175,2,no,northeast,9095.06825,9.115487595047211
57,female,31.825,0,no,northwest,11842.62375,9.379460484394988
47,male,32.3,1,no,southwest,8062.764,8.995011704753995
42,female,29.0,1,no,southwest,7050.642,8.860873955490042
64,female,39.7,0,no,southwest,14319.031,9.569344770627316
38,female,19.475,2,no,northwest,6933.24225,8.844082839915778
61,male,36.1,3,no,southwest,27941.28758,10.237860715500025
53,female,26.7,2,no,southwest,11150.78,9.319264729598467
44,female,36.48,0,no,northeast,12797.20962,9.456982427705094
19,female,28.88,0,yes,northwest,17748.5062,9.784056633615622
41,male,34.2,2,no,northwest,7261.741,8.890374886232234
51,male,33.33,3,no,southeast,10560.4917,9.264875118676253
40,male,32.3,2,no,northwest,6986.697,8.851763191360497
45,male,39.805,0,no,northeast,7448.40395,8.915755053522702
35,male,34.32,3,no,southeast,5934.3798,8.688517802847086
53,male,28.88,0,no,northwest,9869.8102,9.19723590225276
30,male,24.4,3,yes,southwest,18259.216,9.812425217849334
18,male,41.14,0,no,southeast,1146.7966,7.0447277692332815
51,male,35.97,1,no,southeast,9386.1613,9.1469916813761
50,female,27.6,1,yes,southwest,24520.264,10.107255156713231
31,female,29.26,1,no,southeast,4350.5144,8.378049369964973
35,female,27.7,3,no,southwest,6414.178,8.766266131660979
60,male,36.955,0,no,northeast,12741.16745,9.452593561505488
21,male,36.86,0,no,northwest,1917.3184,7.558682822107171
29,male,22.515,3,no,northeast,5209.57885,8.558254296547272
62,female,29.92,0,no,southeast,13457.9608,9.50732609097838
39,female,41.8,0,no,southeast,5662.225,8.641572203490552
19,male,27.6,0,no,southwest,1252.407,7.132822578705235
22,female,23.18,0,no,northeast,2731.9122,7.912757082546145
53,male,20.9,0,yes,southeast,21195.818,9.96155917705003
39,female,31.92,2,no,northwest,7209.4918,8.883153742357887
27,male,28.5,0,yes,northwest,18310.742,9.815243161151129
30,male,44.22,2,no,southeast,4266.1658,8.35847076372378
30,female,22.895,1,no,northeast,4719.52405,8.459463236630816
58,female,33.1,0,no,southwest,11848.141,9.379926256619562
33,male,24.795,0,yes,northeast,17904.52705,9.792808867674283
42,female,26.18,1,no,southeast,7046.7222,8.860317851519767
64,female,35.97,0,no,southeast,14313.8463,9.568982620501616
21,male,22.3,1,no,southwest,2103.08,7.651158215873124
18,female,42.24,0,yes,southeast,38792.6856,10.565986992376173
23,male,26.51,0,no,southeast,1815.8759,7.504323219821754
45,female,35.815,0,no,northwest,7731.85785,8.95310445552394
40,female,41.42,1,no,northwest,28476.73499,10.256842716748936
19,female,36.575,0,no,northwest,2136.88225,7.667103153192724
18,male,30.14,0,no,southeast,1131.5066,7.031305298021671
25,male,25.84,1,no,northeast,3309.7926,8.104640807797704
46,female,30.8,3,no,southwest,9414.92,9.150050943976023
33,female,42.94,3,no,northwest,6360.9936,8.757939870547187
54,male,21.01,2,no,southeast,11013.7119,9.306896311862733
28,male,22.515,2,no,northeast,4428.88785,8.395903781859541
36,male,34.43,2,no,southeast,5584.3057,8.627715388645722
20,female,31.46,0,no,southeast,1877.9294,7.537925065877328
24,female,24.225,0,no,northwest,2842.76075,7.952530954047238
23,male,37.1,3,no,southwest,3597.596,8.188021123603534
47,female,26.125,1,yes,northeast,23401.30575,10.06054710107101
33,female,35.53,0,yes,northwest,55135.40209,10.917547294992884
45,male,33.7,1,no,southwest,7445.918,8.915421241747795
26,male,17.67,0,no,northwest,2680.9493,7.893926227202988
18,female,31.13,0,no,southeast,1621.8827,7.391342913934506
44,female,29.81,2,no,southeast,8219.2039,9.014228634211625
60,male,24.32,0,no,northwest,12523.6048,9.435370526534808
64,female,31.825,2,no,northeast,16069.08475,9.684652503158159
56,male,31.79,2,yes,southeast,43813.8661,10.687705623889984
36,male,28.025,1,yes,northeast,20773.62775,9.941439564593802
41,male,30.78,3,yes,northeast,39597.4072,10.586518920351532
39,male,21.85,1,no,northwest,6117.4945,8.718907896256349
63,male,33.1,0,no,southwest,13393.756,9.502543907191923
36,female,25.84,0,no,northwest,5266.3656,8.569095764156032
28,female,23.845,2,no,northwest,4719.73655,8.459508261343881
58,male,34.39,0,no,northwest,11743.9341,9.371092139462531
36,male,33.82,1,no,northwest,5377.4578,8.589971013598309
42,male,35.97,2,no,southeast,7160.3303,8.876311390175593
36,male,31.5,0,no,southwest,4402.233,8.389867191171781
56,female,28.31,0,no,northeast,11657.7189,9.363723806117159
35,female,23.465,2,no,northeast,6402.29135,8.764411228710166
59,female,31.35,0,no,northwest,12622.1795,9.443210823244142
21,male,31.1,0,no,southwest,1526.312,7.330609647040468
59,male,24.7,0,no,northeast,12323.936,9.419298666583957
23,female,32.78,2,yes,southeast,36021.0112,10.491857691628514
57,female,29.81,0,yes,southeast,27533.9129,10.223173720256224
53,male,30.495,0,no,northeast,10072.05505,9.217520041356586
60,female,32.45,0,yes,southeast,45008.9555,10.714616760063484
51,female,34.2,1,no,southwest,9872.701,9.197528752538256
23,male,50.38,1,no,southeast,2438.0552,7.798955951294335
27,female,24.1,0,no,southwest,2974.126,7.997705493304883
55,male,32.775,0,no,northwest,10601.63225,9.268763254094612
37,female,30.78,0,yes,northeast,37270.1512,10.525948049347285
61,male,32.3,2,no,northwest,14119.62,9.55532059850379
46,female,35.53,0,yes,northeast,42111.6647,10.648080052552228
53,female,23.75,2,no,northeast,11729.6795,9.369877618171085
49,female,23.845,3,yes,northeast,24106.91255,10.090253906152347
20,female,29.6,0,no,southwest,1875.344,7.5365473882432275
48,female,33.11,0,yes,southeast,40974.1649,10.62069702268439
25,male,24.13,0,yes,northwest,15817.9857,9.668902907045574
25,female,32.23,1,no,southeast,18218.16139,9.810174254086462
57,male,28.1,0,no,southwest,10965.446,9.302504334899389
37,female,47.6,2,yes,southwest,46113.511,10.738861266305413
38,female,28.0,3,no,southwest,7151.092,8.875020351299158
55,female,33.535,2,no,northwest,12269.68865,9.414887162484883
36,female,19.855,0,no,northeast,5458.04645,8.604846211675456
51,male,25.4,0,no,southwest,8782.469,9.080512854387097
40,male,29.9,2,no,southwest,6600.361,8.79487962348839
18,male,37.29,0,no,southeast,1141.4451,7.040050370200915
57,male,43.7,1,no,southwest,11576.13,9.356700498379569
61,male,23.655,0,no,northeast,13129.60345,9.482624765012883
25,female,24.3,3,no,southwest,4391.652,8.387460745077433
50,male,36.2,0,no,southwest,8457.818,9.042846499711533
26,female,29.48,1,no,southeast,3392.3652,8.129282656210663
42,male,24.86,0,no,southeast,5966.8874,8.693980696889868
43,male,30.1,1,no,southwest,6849.026,8.831861731365324
44,male,21.85,3,no,northeast,8891.1395,9.092810498021672
23,female,28.12,0,no,northwest,2690.1138,7.897338776533775
49,female,27.1,1,no,southwest,26140.3603,10.171235770556825
33,male,33.44,5,no,southeast,6653.7886,8.802941685710042
41,male,28.8,1,no,southwest,6282.235,8.745481087867553
37,female,29.5,2,no,southwest,6311.952,8.750200257934058
22,male,34.8,3,no,southwest,3443.064,8.144117051606074
23,male,27.36,1,no,northwest,2789.0574,7.933458968269059
21,female,22.135,0,no,northeast,2585.85065,7.857809804377088
51,female,37.05,3,yes,northeast,46255.1125,10.741927277371957
25,male,26.695,4,no,northwest,4877.98105,8.492486693979473
32,male,28.93,1,yes,southeast,19719.6947,9.88937314629236
57,male,28.975,0,yes,northeast,27218.43725,10.211649862727798
36,female,30.02,0,no,northwest,5272.1758,8.570198421605134
22,male,39.5,0,no,southwest,1682.597,7.428093712160173
57,male,33.63,1,no,northwest,11945.1327,9.388079168948936
64,female,26.885,0,yes,northwest,29330.98315,10.2863996816961
36,female,29.04,4,no,southeast,7243.8136,8.887903087032262
54,male,24.035,0,no,northeast,10422.91665,9.251762184969365
47,male,38.94,2,yes,southeast,44202.6536,10.696540102462784
62,male,32.11,0,no,northeast,13555.0049,9.514511123422926
61,female,44.0,0,no,southwest,13063.883,9.477606678700827
43,female,20.045,2,yes,northeast,19798.05455,9.893338956804778
19,male,25.555,1,no,northwest,2221.56445,7.705966933884002
18,female,40.26,0,no,southeast,1634.5734,7.399137131855286
19,female,22.515,0,no,northwest,2117.33885,7.657915319734057
49,male,22.515,0,no,northeast,8688.85885,9.069796892030082
60,male,40.92,0,yes,southeast,48673.5588,10.792891221173397
26,male,27.265,3,no,northeast,4661.28635,8.447046729799979
49,male,36.85,0,no,southeast,8125.7845,9.002797556383069
60,female,35.1,0,no,southwest,12644.589,9.444984655610234
26,female,29.355,2,no,northeast,4564.19145,8.42599665795494
27,male,32.585,3,no,northeast,4846.92015,8.486098761601982
44,female,32.34,1,no,southeast,7633.7206,8.940330633211769
63,male,39.8,3,no,southwest,15170.069,9.627079620783123
32,female,24.6,0,yes,southwest,17496.306,9.769745051915594
22,male,28.31,1,no,northwest,2639.0429,7.87817159252883
18,male,31.73,0,yes,northeast,33732.6867,10.426222578011334
59,female,26.695,3,no,northwest,14382.70905,9.573782003657021
44,female,27.5,1,no,southwest,7626.993,8.939448944371764
33,male,24.605,2,no,northwest,5257.50795,8.567412419701247
24,female,33.99,0,no,southeast,2473.3341,7.813322357466315
43,female,26.885,0,yes,northwest,21774.32215,9.988486671500228
45,male,22.895,0,yes,northeast,35069.37452,10.465083507788405
61,female,28.2,0,no,southwest,13041.921,9.475924140581634
35,female,34.21,1,no,southeast,5245.2269,8.565073780142555
62,female,25.0,0,no,southwest,13451.122,9.506817801625074
62,female,33.2,0,no,southwest,13462.52,9.507664807071711
38,male,31.0,1,no,southwest,5488.262,8.61036690879096
34,male,35.815,0,no,northwest,4320.41085,8.371105780882708
43,male,23.2,0,no,southwest,6250.435,8.74040634030848
50,male,32.11,2,no,northeast,25333.33284,10.139876311126674
19,female,23.4,2,no,southwest,2913.569,7.9771340691583665
57,female,20.1,1,no,southwest,12032.326,9.395352140237467
62,female,39.16,0,no,southeast,13470.8044,9.508279985512978
41,male,34.21,1,no,southeast,6289.7549,8.746677382321595
26,male,46.53,1,no,southeast,2927.0647,7.981755390991486
39,female,32.5,1,no,southwest,6238.298,8.738462667748422
46,male,25.8,5,no,southwest,10096.97,9.219990657820349
45,female,35.3,0,no,southwest,7348.142,8.902202771134682
32,male,37.18,2,no,southeast,4673.3922,8.449640468132152
59,female,27.5,0,no,southwest,12233.828,9.411960180524343
44,male,29.735,2,no,northeast,32108.66282,10.37688114249174
39,female,24.225,5,no,northwest,8965.79575,9.101172143951779
18,male,26.18,2,no,southeast,2304.0022,7.742402976676437
53,male,29.48,0,no,southeast,9487.6442,9.157745620534364
18,male,23.21,0,no,southeast,1121.8739,7.02275569117477
50,female,46.09,1,no,southeast,9549.5651,9.164250893170816
18,female,40.185,0,no,northeast,2217.46915,7.704121802023827
19,male,22.61,0,no,northwest,1628.4709,7.395396755351842
62,male,39.93,0,no,southeast,12982.8747,9.471386437231496
56,female,35.8,1,no,southwest,11674.13,9.365130561559194
42,male,35.8,2,no,southwest,7160.094,8.876278388360134
37,male,34.2,1,yes,northeast,39047.285,10.57252862660237
42,male,31.255,0,no,northwest,6358.77645,8.75759125575089
25,male,29.7,3,yes,southwest,19933.458,9.900154905431657
57,male,18.335,0,no,northeast,11534.87265,9.353130130234815
51,male,42.9,2,yes,southeast,47462.894,10.767703505796094
30,female,28.405,1,no,northwest,4527.18295,8.417855159696465
44,male,30.2,2,yes,southwest,38998.546,10.571279642365509
34,male,27.835,1,yes,northwest,20009.63365,9.903969119064353
31,male,39.49,1,no,southeast,3875.7341,8.262490369006269
54,male,30.8,1,yes,southeast,41999.52,10.645413468628771
24,male,26.79,1,no,northwest,12609.88702,9.44223646936292
43,male,34.96,1,yes,northeast,41034.2214,10.622161665837258
48,male,36.67,1,no,northwest,28468.91901,10.256568210109709
19,female,39.615,1,no,northwest,2730.10785,7.912096392893189
29,female,25.9,0,no,southwest,3353.284,8.11769544314778
63,female,35.2,1,no,southeast,14474.675,9.580155849684816
46,male,24.795,3,no,northeast,9500.57305,9.159107396822023
52,male,36.765,2,no,northwest,26467.09737,10.183657631860399
35,male,27.1,1,no,southwest,4746.344,8.46512991645919
51,male,24.795,2,yes,northwest,23967.38305,10.08444914541489
44,male,25.365,1,no,northwest,7518.02535,8.92505879602586
21,male,25.745,2,no,northeast,3279.86855,8.095558624355604
39,female,34.32,5,no,southeast,8596.8278,9.059148553730727
50,female,28.16,3,no,southeast,10702.6424,9.278245943233086
34,female,23.56,0,no,northeast,4992.3764,8.515667307847805
22,female,20.235,0,no,northwest,2527.81865,7.835112016142926
19,female,40.5,0,no,southwest,1759.338,7.472692880911536
26,male,35.42,0,no,southeast,2322.6218,7.750451912800503
29,male,22.895,0,yes,northeast,16138.76205,9.688979238138792
48,male,40.15,0,no,southeast,7804.1605,8.962412267907734
26,male,29.15,1,no,southeast,2902.9065,7.973467755445312
45,female,39.995,3,no,northeast,9704.66805,9.180362290999593
36,female,29.92,0,no,southeast,4889.0368,8.494750589651973
54,male,25.46,1,no,northeast,25517.11363,10.147104628789455
34,male,21.375,0,no,northeast,4500.33925,8.4119080618057
31,male,25.9,3,yes,southwest,19199.944,9.862662641344953
27,female,30.59,1,no,northeast,16796.41194,9.728920567580962
20,male,30.115,5,no,northeast,4915.05985,8.500059209516284
44,female,25.8,1,no,southwest,7624.63,8.939139075708093
43,male,30.115,3,no,northwest,8410.04685,9.037182323700586
45,female,27.645,1,no,northwest,28340.18885,10.252036176948652
34,male,34.675,0,no,northeast,4518.82625,8.416007559900255
24,female,20.52,0,yes,northeast,14571.8908,9.586849664276604
26,female,19.8,1,no,southwest,3378.91,8.125308451260427
38,female,27.835,2,no,northeast,7144.86265,8.874148866946168
50,female,31.6,2,no,southwest,10118.424,9.222113199488794
38,male,28.27,1,no,southeast,5484.4673,8.609675248576345
27,female,20.045,3,yes,northwest,16420.49455,9.706285501310472
39,female,23.275,3,no,northeast,7986.47525,8.985504796245682
39,female,34.1,3,no,southwest,7418.522,8.911735124945526
63,female,36.85,0,no,southeast,13887.9685,9.538778168752398
33,female,36.29,3,no,northeast,6551.7501,8.787487483779877
36,female,26.885,0,no,northwest,5267.81815,8.569371542525515
30,male,22.99,2,yes,northwest,17361.7661,9.76202571691077
24,male,32.7,0,yes,southwest,34472.841,10.447927075609824
24,male,25.8,0,no,southwest,1972.95,7.587285163582897
48,male,29.6,0,no,southwest,21232.18226,9.963273340747653
47,male,19.19,1,no,northeast,8627.5411,9.06271481879738
29,male,31.73,2,no,northwest,4433.3877,8.396919288624439
28,male,29.26,2,no,northeast,4438.2634,8.398018452790371
47,male,28.215,3,yes,northwest,24915.22085,10.123234174814288
25,male,24.985,2,no,northeast,23241.47453,10.053693656887708
51,male,27.74,1,no,northeast,9957.7216,9.206103569390143
48,female,22.8,0,no,southwest,8269.044,9.020274182786737
43,male,20.13,2,yes,southeast,18767.7377,9.839894594879139
61,female,33.33,4,no,southeast,36580.28216,10.507264635419755
48,male,32.3,1,no,northwest,8765.249,9.078550205394492
38,female,27.6,0,no,southwest,5383.536,8.591100686332883
59,male,25.46,0,no,northwest,12124.9924,9.403024089001363
19,female,24.605,1,no,northwest,2709.24395,7.904424889710272
26,female,34.2,2,no,southwest,3987.926,8.291026575242569
54,female,35.815,3,no,northwest,12495.29085,9.433107120309066
21,female,32.68,2,no,northwest,26018.95052,10.166580417663528
51,male,37.0,0,no,southwest,8798.593,9.082347101319474
22,female,31.02,3,yes,southeast,35595.5898,10.479977027143638
47,male,36.08,1,yes,southeast,42211.1382,10.65043940358712
18,male,23.32,1,no,southeast,1711.0268,7.444848937124288
47,female,45.32,1,no,southeast,8569.8618,9.056006885440796
21,female,34.6,0,no,southwest,2020.177,7.610940410318889
19,male,26.03,1,yes,northwest,16450.8947,9.708135143772237
23,male,18.715,0,no,northwest,21595.38229,9.98023478794707
54,male,31.6,0,no,southwest,9850.432,9.195270591072427
37,female,17.29,2,no,northeast,6877.9801,8.836080297705095
46,female,23.655,1,yes,northwest,21677.28345,9.984020145580844
55,female,35.2,0,yes,southeast,44423.803,10.701530708371722
30,female,27.93,0,no,northeast,4137.5227,8.327852506075102
18,male,21.565,0,yes,northeast,13747.87235,9.528639352939711
61,male,38.38,0,no,northwest,12950.0712,9.468856565182067
54,female,23.0,3,no,southwest,12094.478,9.400504263782892
22,male,37.07,2,yes,southeast,37484.4493,10.531681440619428
45,female,30.495,1,yes,northwest,39725.51805,10.589749032226115
22,male,28.88,0,no,northeast,2250.8352,7.71905662632079
19,male,27.265,2,no,northwest,22493.65964,10.020988754703406
35,female,28.025,0,yes,northwest,20234.85475,9.915161879127544
18,male,23.085,0,no,northeast,1704.70015,7.441144509148898
20,male,30.685,0,yes,northeast,33475.81715,10.41857858101573
28,female,25.8,0,no,southwest,3161.454,8.05878732733746
55,male,35.245,1,no,northeast,11394.06555,9.340847933051702
43,female,24.7,2,yes,northwest,21880.82,9.993365732981747
43,female,25.08,0,no,northeast,7325.0482,8.899055014068397
22,male,52.58,1,yes,southeast,44501.3982,10.703275887885447
25,female,22.515,1,no,northwest,3594.17085,8.187068603776234
49,male,30.9,0,yes,southwest,39727.614,10.589801791631476
44,female,36.955,1,no,northwest,8023.13545,8.990084578323348
64,male,26.41,0,no,northeast,14394.5579,9.574605490521856
49,male,29.83,1,no,northeast,9288.0267,9.136481398050599
47,male,29.8,3,yes,southwest,25309.489,10.138934663686996
27,female,21.47,0,no,northwest,3353.4703,8.117750999081906
55,male,27.645,0,no,northwest,10594.50155,9.268090423819404
48,female,28.9,0,no,southwest,8277.523,9.021299048034273
45,female,31.79,0,no,southeast,17929.30337,9.794191713083654
24,female,39.49,0,no,southeast,2480.9791,7.816408559633747
32,male,33.82,1,no,northwest,4462.7218,8.40351412793397
24,male,32.01,0,no,southeast,1981.5819,7.591650744100329
57,male,27.94,1,no,southeast,11554.2236,9.35480632875911
59,male,41.14,1,yes,southeast,48970.2476,10.798968200840411
36,male,28.595,3,no,northwest,6548.19505,8.786944725768821
29,female,25.6,4,no,southwest,5708.867,8.649775859143583
42,female,25.3,1,no,southwest,7045.499,8.86014425220058
48,male,37.29,2,no,southeast,8978.1851,9.102553036193283
39,male,42.655,0,no,northeast,5757.41345,8.658243599015632
63,male,21.66,1,no,northwest,14349.8544,9.571495074794829
54,female,31.9,1,no,southeast,10928.849,9.299161269129582
37,male,37.07,1,yes,southeast,39871.7043,10.593422185887682
63,male,31.445,0,no,northeast,13974.45555,9.544986338409286
21,male,31.255,0,no,northwest,1909.52745,7.554611082053211
54,female,28.88,2,no,northeast,12096.6512,9.400683932949047
60,female,18.335,0,no,northeast,13204.28565,9.48829672633496
32,female,29.59,1,no,southeast,4562.8421,8.425700975901744
47,female,32.0,1,no,southwest,8551.347,9.053844093381725
21,male,26.03,0,no,northeast,2102.2647,7.650770471196587
28,male,31.68,0,yes,southeast,34672.1472,10.45369196926782
63,male,33.66,3,no,southeast,15161.5344,9.626516867794916
18,male,21.78,2,no,southeast,11884.04858,9.382952324423352
32,male,27.835,1,no,northwest,4454.40265,8.401648245617254
38,male,19.95,1,no,northwest,5855.9025,8.675205405912378
32,male,31.5,1,no,southwest,4076.497,8.312993320177268
62,female,30.495,2,no,northwest,15019.76005,9.61712194982434
39,female,18.3,5,yes,southwest,19023.26,9.853417719940197
55,male,28.975,0,no,northeast,10796.35025,9.286963416182969
57,male,31.54,0,no,northwest,11353.2276,9.337257352528104
52,male,47.74,1,no,southeast,9748.9106,9.184910824415926
56,male,22.1,0,no,southwest,10577.087,9.26644533668895
47,male,36.19,0,yes,southeast,41676.0811,10.637682648494286
55,female,29.83,0,no,northeast,11286.5387,9.331366029092958
23,male,32.7,3,no,southwest,3591.48,8.186319652795467
22,female,30.4,0,yes,northwest,33907.548,10.431392923451883
50,female,33.7,4,no,southwest,11299.343,9.332499861417224
18,female,31.35,4,no,northeast,4561.1885,8.425338504513691
51,female,34.96,2,yes,northeast,44641.1974,10.706412420172152
22,male,33.77,0,no,southeast,1674.6323,7.423348897772541
52,female,30.875,0,no,northeast,23045.56616,10.04522867243799
25,female,33.99,1,no,southeast,3227.1211,8.079345718462804
33,female,19.095,2,yes,northeast,16776.30405,9.727722696523381
53,male,28.6,3,no,southwest,11253.421,9.3284274502958
29,male,38.94,1,no,southeast,3471.4096,8.152316015237817
58,male,36.08,0,no,southeast,11363.2832,9.338142664603124
37,male,29.8,0,no,southwest,20420.60465,9.924299701956077
54,female,31.24,0,no,southeast,10338.9316,9.24367181583795
49,female,29.925,0,no,northwest,8988.15875,9.103663295588047
50,female,26.22,2,no,northwest,10493.9458,9.25855377937721
26,male,30.0,1,no,southwest,2904.088,7.9738746785158625
45,male,20.35,3,no,southeast,8605.3615,9.06014071822226
54,female,32.3,1,no,northeast,11512.405,9.351180428629407
38,male,38.39,3,yes,southeast,41949.2441,10.644215692662685
48,female,25.85,3,yes,southeast,24180.9335,10.093319729709767
28,female,26.315,3,no,northwest,5312.16985,8.577755665419184
23,male,24.51,0,no,northeast,2396.0959,7.7815959834760955
55,male,32.67,1,no,southeast,10807.4863,9.28799434890277
41,male,29.64,5,no,northeast,9222.4026,9.129390868287384
25,male,33.33,2,yes,southeast,36124.5737,10.494728624653064
33,male,35.75,1,yes,southeast,38282.7495,10.552754669006335
30,female,19.95,3,no,northwest,5693.4305,8.647068245273546
23,female,31.4,0,yes,southwest,34166.273,10.438994266874893
46,male,38.17,2,no,southeast,8347.1643,9.029677155375715
53,female,36.86,3,yes,northwest,46661.4424,10.750673458085194
27,female,32.395,1,no,northeast,18903.49141,9.847101914674951
23,female,42.75,1,yes,northeast,40904.1995,10.618988014021557
63,female,25.08,0,no,northwest,14254.6082,9.5648355158761
55,male,29.9,0,no,southwest,10214.636,9.231576872745064
35,female,35.86,2,no,southeast,5836.5204,8.671890076332048
34,male,32.8,1,no,southwest,14358.36437,9.572087934304326
19,female,18.6,0,no,southwest,1728.897,7.455238911901867
39,female,23.87,5,no,southeast,8582.3023,9.057457489820392
27,male,45.9,2,no,southwest,3693.428,8.21431030307363
57,male,40.28,0,no,northeast,20709.02034,9.938324649552763
52,female,18.335,0,no,northwest,9991.03765,9.209443735117471
28,male,33.82,0,no,northwest,19673.33573,9.887019481651924
50,female,28.12,3,no,northwest,11085.5868,9.313401057049871
44,female,25.0,1,no,southwest,7623.518,8.938993221929394
26,female,22.23,0,no,northwest,3176.2877,8.063468403906713
33,male,30.25,0,no,southeast,3704.3545,8.217264298529827
19,female,32.49,0,yes,northwest,36898.73308,10.51593249556386
50,male,37.07,1,no,southeast,9048.0273,9.110302035032785
41,female,32.6,3,no,southwest,7954.517,8.98149522239808
52,female,24.86,0,no,southeast,27117.99378,10.20795276365428
39,male,32.34,2,no,southeast,6338.0756,8.754330468232741
50,male,32.3,2,no,southwest,9630.397,9.172679729279917
52,male,32.775,3,no,northwest,11289.10925,9.331593756776948
60,male,32.8,0,yes,southwest,52590.82939,10.870297037328017
20,female,31.92,0,no,northwest,2261.5688,7.7238140107412425
55,male,21.5,1,no,southwest,10791.96,9.286556691431501
42,male,34.1,0,no,southwest,5979.731,8.696130862655307
18,female,30.305,0,no,northeast,2203.73595,7.697909358195443
58,female,36.48,0,no,northwest,12235.8392,9.412124563634917
43,female,32.56,3,yes,southeast,40941.2854,10.619894255888985
35,female,35.815,1,no,northwest,5630.45785,8.635946041095384
48,female,27.93,4,no,northwest,11015.1747,9.30702911930132
36,female,22.135,3,no,northeast,7228.21565,8.885747486629533
19,male,44.88,0,yes,southeast,39722.7462,10.58967925474193
23,female,23.18,2,no,northwest,14426.07385,9.576792532279685
20,female,30.59,0,no,northeast,2459.7201,7.807802841965112
32,female,41.1,0,no,southwest,3989.841,8.291506659465831
43,female,34.58,1,no,northwest,7727.2532,8.952508735612067
34,male,42.13,2,no,southeast,5124.1887,8.54172748903643
30,male,38.83,1,no,southeast,18963.17192,9.850254057175354
18,female,28.215,0,no,northeast,2200.83085,7.696590227142071
41,female,28.31,1,no,northwest,7153.5539,8.87536456115119
35,female,26.125,0,no,northeast,5227.98875,8.561781922867276
57,male,40.37,0,no,southeast,10982.5013,9.304058494220062
29,female,24.6,2,no,southwest,4529.477,8.41836175927329
32,male,35.2,2,no,southwest,4670.64,8.449051386241019
37,female,34.105,1,no,northwest,6112.35295,8.718067076234034
18,male,27.36,1,yes,northeast,17178.6824,9.75142449876709
43,female,26.7,2,yes,southwest,22478.6,10.020319024488227
56,female,41.91,0,no,southeast,11093.6229,9.314125708690787
38,male,29.26,2,no,northwest,6457.8434,8.773050702030712
29,male,32.11,2,no,northwest,4433.9159,8.397038422923758
22,female,27.1,0,no,southwest,2154.361,7.675249438845605
52,female,24.13,1,yes,northwest,23887.6627,10.081117399619002
40,female,27.4,1,no,southwest,6496.886,8.779078264166637
23,female,34.865,0,no,northeast,2899.48935,7.972289914262673
31,male,29.81,0,yes,southeast,19350.3689,9.870466762875685
42,female,41.325,1,no,northeast,7650.77375,8.942562065496743
24,female,29.925,0,no,northwest,2850.68375,7.955314156769049
25,female,30.3,0,no,southwest,2632.992,7.875876121132408
48,female,27.36,1,no,northeast,9447.3824,9.153492987408674
23,female,28.49,1,yes,southeast,18328.2381,9.81619821510089
45,male,23.56,2,no,northeast,8603.8234,9.059961964839921
20,male,35.625,3,yes,northwest,37465.34375,10.531171617986534
62,female,32.68,0,no,northwest,13844.7972,9.535664787610457
43,female,25.27,1,yes,northeast,21771.3423,9.988349810573093
23,female,28.0,0,no,southwest,13126.67745,9.482401885007656
31,female,32.775,2,no,northwest,5327.40025,8.580618640193542
41,female,21.755,1,no,northeast,13725.47184,9.527008643928893
58,female,32.395,1,no,northeast,13019.16105,9.474177478202634
48,female,36.575,0,no,northwest,8671.19125,9.067761459413477
31,female,21.755,0,no,northwest,4134.08245,8.327020684406639
19,female,27.93,3,no,northwest,18838.70366,9.84366873790736
19,female,30.02,0,yes,northwest,33307.5508,10.41353940101522
41,male,33.55,0,no,southeast,5699.8375,8.648192944644329
40,male,29.355,1,no,northwest,6393.60345,8.763053308616136
31,female,25.8,2,no,southwest,4934.705,8.50404817297853
37,male,24.32,2,no,northwest,6198.7518,8.732103228184426
46,male,40.375,2,no,northwest,8733.22925,9.074890483071128
22,male,32.11,0,no,northwest,2055.3249,7.628189216623282
51,male,32.3,1,no,northeast,9964.06,9.206739898041981
18,female,27.28,3,yes,southeast,18223.4512,9.810464571098317
35,male,17.86,1,no,northwest,5116.5004,8.540225968705249
59,female,34.8,2,no,southwest,36910.60803,10.516254269201825
36,male,33.4,2,yes,southwest,38415.474,10.556215626155717
37,female,25.555,1,yes,northeast,20296.86345,9.918221643239786
59,male,37.1,1,no,southwest,12347.172,9.42118232798015
36,male,30.875,1,no,northwest,5373.36425,8.589209481098042
39,male,34.1,2,no,southeast,23563.01618,10.067433650793916
18,male,21.47,0,no,northeast,1702.4553,7.439826782172378
52,female,33.3,2,no,southwest,10806.839,9.287934453440736
27,female,31.255,1,no,northwest,3956.07145,8.283006753752403
18,male,39.14,0,no,northeast,12890.05765,9.464211568382503
40,male,25.08,0,no,southeast,5415.6612,8.597050257244009
29,male,37.29,2,no,southeast,4058.1161,8.308474130129282
46,female,34.6,1,yes,southwest,41661.602,10.637335168228285
38,female,30.21,3,no,northwest,7537.1639,8.927601249659833
30,female,21.945,1,no,northeast,4718.20355,8.459183402318027
40,male,24.97,2,no,southeast,6593.5083,8.793840853062461
50,male,25.3,0,no,southeast,8442.667,9.04105353293468
20,female,24.42,0,yes,southeast,26125.67477,10.170673817450309
41,male,23.94,1,no,northeast,6858.4796,8.833241063502724
33,female,39.82,1,no,southeast,4795.6568,8.475465953953865
38,male,16.815,2,no,northeast,6640.54485,8.800949294826985
42,male,37.18,2,no,southeast,7162.0122,8.876546253991721
56,male,34.43,0,no,southeast,10594.2257,9.268064386389522
58,male,30.305,0,no,northeast,11938.25595,9.387503308438452
52,male,34.485,3,yes,northwest,60021.39897,11.002456427119922
20,female,21.8,0,yes,southwest,20167.33603,9.911819546370243
54,female,24.605,3,no,northwest,12479.70895,9.43185932033737
58,male,23.3,0,no,southwest,11345.519,9.3365781431927
45,female,27.83,2,no,southeast,8515.7587,9.049673690712916
26,male,31.065,0,no,northwest,2699.56835,7.900847168841421
63,female,21.66,0,no,northeast,14449.8544,9.578439617365246
58,female,28.215,0,no,northwest,12224.35085,9.411185212728707
37,male,22.705,3,no,northeast,6985.50695,8.85159284600809
25,female,42.13,1,no,southeast,3238.4357,8.08284568355478
52,male,41.8,2,yes,southeast,47269.854,10.763628035142784
64,male,36.96,2,yes,southeast,49577.6624,10.811295656434112
22,female,21.28,3,no,northwest,4296.2712,8.365502762687802
28,female,33.11,0,no,southeast,3171.6149,8.061996169331463
18,male,33.33,0,no,southeast,1135.9407,7.035216397214367
28,male,24.3,5,no,southwest,5615.369,8.633262581843207
45,female,25.7,3,no,southwest,9101.798,9.116227255405688
33,male,29.4,4,no,southwest,6059.173,8.709328601103802
18,female,39.82,0,no,southeast,1633.9618,7.398762896933699
32,male,33.63,1,yes,northeast,37607.5277,10.534959514126916
24,male,29.83,0,yes,northeast,18648.4217,9.833516794145021
19,male,19.8,0,no,southwest,1241.565,7.124127959598635
20,male,27.3,0,yes,southwest,16232.847,9.694792061021555
40,female,29.3,4,no,southwest,15828.82173,9.669587717382127
34,female,27.72,0,no,southeast,4415.1588,8.392799080681138
42,female,37.9,0,no,southwest,6474.013,8.775551442516303
51,female,36.385,3,no,northwest,11436.73815,9.344586097529177
54,female,27.645,1,no,northwest,11305.93455,9.333083048256867
55,male,37.715,3,no,northwest,30063.58055,10.31106976965331
52,female,23.18,0,no,northeast,10197.7722,9.229924563652334
32,female,20.52,0,no,northeast,4544.2348,8.42161463160122
28,male,37.1,1,no,southwest,3277.161,8.094732777794066
41,female,28.05,1,no,southeast,6770.1925,8.820284799770908
43,female,29.9,1,no,southwest,7337.748,8.900787262543032
49,female,33.345,2,no,northeast,10370.91255,9.246760296387565
64,male,23.76,0,yes,southeast,26926.5144,10.20086674556824
55,female,30.5,0,no,southwest,10704.47,9.278416690223178
24,male,31.065,0,yes,northeast,34254.05335,10.44156018267344
20,female,33.3,0,no,southwest,1880.487,7.539286064831457
45,male,27.5,3,no,southwest,8615.3,9.061294971338892
26,male,33.915,1,no,northwest,3292.52985,8.099411499635565
25,female,34.485,0,no,northwest,3021.80915,8.013610987297714
43,male,25.52,5,no,southeast,14478.33015,9.580408338157117
35,male,27.61,1,no,southeast,4747.0529,8.46527926236957
26,male,27.06,0,yes,southeast,17043.3414,9.743514872709168
57,male,23.7,0,no,southwest,10959.33,9.301946427246547
22,female,30.4,0,no,northeast,2741.948,7.9164238956827715
32,female,29.735,0,no,northwest,4357.04365,8.379549044428517
39,male,29.925,1,yes,northeast,22462.04375,10.019582219255035
25,female,26.79,2,no,northwest,4189.1131,8.340244319866398
48,female,33.33,0,no,southeast,8283.6807,9.022042677591074
47,female,27.645,2,yes,northwest,24535.69855,10.10788441968992
18,female,21.66,0,yes,northeast,14283.4594,9.566857461456555
18,male,30.03,1,no,southeast,1720.3537,7.450285188201471
61,male,36.3,1,yes,southwest,47403.88,10.766459360873188
47,female,24.32,0,no,northeast,8534.6718,9.051892181062124
28,female,17.29,0,no,northeast,3732.6251,8.224867045261597
36,female,25.9,1,no,southwest,5472.449,8.6074815100297
20,male,39.4,2,yes,southwest,38344.566,10.554368101840476
44,male,34.32,1,no,southeast,7147.4728,8.874514118662818
38,female,19.95,2,no,northeast,7133.9025,8.872613698878428
19,male,34.9,0,yes,southwest,34828.654,10.45819571776692
21,male,23.21,0,no,southeast,1515.3449,7.323398348799277
46,male,25.745,3,no,northwest,9301.89355,9.13797326594303
58,male,25.175,0,no,northeast,11931.12525,9.386905831683409
20,male,22.0,1,no,southwest,1964.78,7.583135558747921
18,male,26.125,0,no,northeast,1708.92575,7.443620235711848
28,female,26.51,2,no,southeast,4340.4409,8.375731211796301
33,male,27.455,2,no,northwest,5261.46945,8.568165629835017
19,female,25.745,1,no,northwest,2710.82855,7.905009605152786
45,male,30.36,0,yes,southeast,62592.87309,11.044406702204412
62,male,30.875,3,yes,northwest,46718.16325,10.751888302731006
25,female,20.8,1,no,southwest,3208.787,8.073648263088874
43,male,27.8,0,yes,southwest,37829.7242,10.540850427090321
42,male,24.605,2,yes,northeast,21259.37795,9.964553392295727
24,female,27.72,0,no,southeast,2464.6188,7.809792429487589
29,female,21.85,0,yes,northeast,16115.3045,9.687524689510054
32,male,28.12,4,yes,northwest,21472.4788,9.974527338330544
25,female,30.2,0,yes,southwest,33900.653,10.431189555719895
41,male,32.2,2,no,southwest,6875.961,8.835786694584385
42,male,26.315,1,no,northwest,6940.90985,8.84518814721317
33,female,26.695,0,no,northwest,4571.41305,8.427577637408286
34,male,42.9,1,no,southwest,4536.259,8.419857942542947
19,female,34.7,2,yes,southwest,36397.576,10.5022574580008
30,female,23.655,3,yes,northwest,18765.87545,9.83979536382488
18,male,28.31,1,no,northeast,11272.33139,9.330106452543097
19,female,20.6,0,no,southwest,1731.677,7.456845582123641
18,male,53.13,0,no,southeast,1163.4627,7.059155923784115
35,male,39.71,4,no,northeast,19496.71917,9.878001482704299
39,female,26.315,2,no,northwest,7201.70085,8.882072506273097
31,male,31.065,3,no,northwest,5425.02335,8.598777482546863
62,male,26.695,0,yes,northeast,28101.33305,10.2435722936984
62,male,38.83,0,no,southeast,12981.3457,9.471268659768649
42,female,40.37,2,yes,southeast,43896.3763,10.689587051237151
31,male,25.935,1,no,northwest,4239.89265,8.352293229509261
61,male,33.535,0,no,northeast,13143.33665,9.48367019054946
42,female,32.87,0,no,northeast,7050.0213,8.860785917078346
51,male,30.03,1,no,southeast,9377.9047,9.14611163751643
23,female,24.225,2,no,northeast,22395.74424,10.016626230507166
52,male,38.6,2,no,southwest,10325.206,9.242343369204054
57,female,25.74,2,no,southeast,12629.1656,9.44376414823737
23,female,33.4,0,no,southwest,10795.93733,9.286925169193296
52,female,44.7,3,no,southwest,11411.685,9.342393109428775
50,male,30.97,3,no,northwest,10600.5483,9.268661005177488
18,female,31.92,0,no,northeast,2205.9808,7.698927496239761
18,female,36.85,0,no,southeast,1629.8335,7.39623314134416
21,female,25.8,0,no,southwest,2007.945,7.604867089998248
61,female,29.07,0,yes,northwest,29141.3603,10.279913760197052
